<?xml version="1.0" encoding="UTF-8"?>
<suite parallel="false" name="Suite">
  <test name="Test">
    <classes>
      <class name="tests.Placeorder_LoginBeforeCheckout_Test"/>
    </classes>
  </test> <!-- Test -->
  
  <test name="Test">
    <classes>
      <class name="tests.Placeorder_RegisterBeforeCheckout"/>
    </classes>
  </test> <!-- Test -->
  
  <test name="Test">
    <classes>
      <class name="tests.Placeorder_RegisterWhileCheckout"/>
    </classes>
  </test> <!-- Test -->
</suite> <!-- Suite -->
