<?xml version="1.0" encoding="UTF-8"?>
<suite parallel="false" name="Suite">
  <test name="Test">
    <classes>
      <class name="tests.AddToCart_Test"/>
    </classes>
  </test> <!-- Test -->
  
  <test name="Test">
    <classes>
      <class name="tests.RecommendedItems_AddToCart"/>
    </classes>
  </test> <!-- Test -->
  
  <test name="Test">
    <classes>
      <class name="tests.ViewProductQuantityInCart_Test"/>
    </classes>
  </test> <!-- Test -->
</suite> <!-- Suite -->
